-- Script de importação para MySQL/SQLite
-- Gerado em: 2025-09-12T17:47:46.465Z

-- Usuários
INSERT INTO users (id, nome, email, senha_hash, cpf, saldo, is_admin, criado_em) VALUES 
('382c8e3a-ac17-4310-b2e3-625d1ceb3baf', 'Junior', 'juniorcoxtaa@gmail.com', '$2a$10$n3DCvA03/FRtl6bk/5e9HeD2xTcOqOG1LKwbvJq.4XfjX0SP2/hei', '51554278864', 1.5, 0, 'Tue Sep 09 2025 17:30:55 GMT-0300 (Horário Padrão de Brasília)');
INSERT INTO users (id, nome, email, senha_hash, cpf, saldo, is_admin, criado_em) VALUES 
('6e16499a-0c79-4ff1-844b-c4d7fc2eabf7', 'eduarda', 'eduarda@admin.com', '$2a$10$a1Q9LrTu3FuLDT7NcWL3SeKfOGzl2BhWB9s5RgPtC4yy/arp11NMy', '00000000004', -1.5, 1, 'Tue Sep 09 2025 17:33:58 GMT-0300 (Horário Padrão de Brasília)');
INSERT INTO users (id, nome, email, senha_hash, cpf, saldo, is_admin, criado_em) VALUES 
('cd325b64-eca7-4adf-bc77-7022473126b2', 'junior', 'junior@admin.com', '$2a$10$a5.pX/OWE6HtgGACSt0aAuLGvv.3CJsiwtUDVH1sASOxQgH6WHBay', '00000000005', 94.5, 1, 'Tue Sep 09 2025 17:33:59 GMT-0300 (Horário Padrão de Brasília)');
INSERT INTO users (id, nome, email, senha_hash, cpf, saldo, is_admin, criado_em) VALUES 
('f7bd09a9-1b02-428b-911a-f63ff52bfe33', 'Usuário Normal Teste', 'teste.normal@example.com', 'hash_teste', '12345678901', 0, 0, 'Tue Sep 09 2025 17:48:30 GMT-0300 (Horário Padrão de Brasília)');
INSERT INTO users (id, nome, email, senha_hash, cpf, saldo, is_admin, criado_em) VALUES 
('392f9d0f-3a58-4989-b9bb-ef4a0d27ca7f', 'Usuário Demo Teste', 'teste.demo@example.com', 'hash_teste', '12345678902', 0, 0, 'Tue Sep 09 2025 17:48:30 GMT-0300 (Horário Padrão de Brasília)');
INSERT INTO users (id, nome, email, senha_hash, cpf, saldo, is_admin, criado_em) VALUES 
('c1c0dddf-c899-4f7c-a2bf-5964e5103047', 'Afiliado Teste', 'teste.afiliado@example.com', 'hash_teste', '12345678903', 0, 0, 'Tue Sep 09 2025 17:48:30 GMT-0300 (Horário Padrão de Brasília)');
INSERT INTO users (id, nome, email, senha_hash, cpf, saldo, is_admin, criado_em) VALUES 
('70a047ef-ec85-476f-96ea-7312a2a9b37a', 'Usuário Normal Teste', 'teste.normal.1757451036590@example.com', 'hash_teste', '11111111110', 0, 0, 'Tue Sep 09 2025 17:50:36 GMT-0300 (Horário Padrão de Brasília)');
INSERT INTO users (id, nome, email, senha_hash, cpf, saldo, is_admin, criado_em) VALUES 
('80f8afa4-1598-484b-bd81-360e6d47495c', 'Usuário Demo Teste', 'teste.demo.1757451036590@example.com', 'hash_teste', '22222222220', 0, 0, 'Tue Sep 09 2025 17:50:36 GMT-0300 (Horário Padrão de Brasília)');
INSERT INTO users (id, nome, email, senha_hash, cpf, saldo, is_admin, criado_em) VALUES 
('59dd3462-4502-42a8-bab0-c119a6a636f4', 'Afiliado Teste', 'teste.afiliado.1757451036590@example.com', 'hash_teste', '33333333330', 0, 0, 'Tue Sep 09 2025 17:50:36 GMT-0300 (Horário Padrão de Brasília)');
INSERT INTO users (id, nome, email, senha_hash, cpf, saldo, is_admin, criado_em) VALUES 
('858ebd0f-43f1-4a04-8731-29a2586339fb', 'Usuário Normal Teste', 'teste.normal.1757451050032@example.com', 'hash_teste', '11111111112', 0, 0, 'Tue Sep 09 2025 17:50:50 GMT-0300 (Horário Padrão de Brasília)');
INSERT INTO users (id, nome, email, senha_hash, cpf, saldo, is_admin, criado_em) VALUES 
('13a8e84a-8b5d-4718-ab7e-df433cee48a7', 'Usuário Demo Teste', 'teste.demo.1757451050032@example.com', 'hash_teste', '22222222222', 0, 0, 'Tue Sep 09 2025 17:50:50 GMT-0300 (Horário Padrão de Brasília)');
INSERT INTO users (id, nome, email, senha_hash, cpf, saldo, is_admin, criado_em) VALUES 
('13bd042a-8849-419d-afc5-e712b96c940d', 'Afiliado Teste', 'teste.afiliado.1757451050032@example.com', 'hash_teste', '33333333332', 0, 0, 'Tue Sep 09 2025 17:50:50 GMT-0300 (Horário Padrão de Brasília)');
INSERT INTO users (id, nome, email, senha_hash, cpf, saldo, is_admin, criado_em) VALUES 
('492dcf74-02d0-463e-b118-f3dbc116edaa', 'Usuário Normal Teste', 'teste.normal.1757451062835@example.com', 'hash_teste', '11111111115', 2675, 0, 'Tue Sep 09 2025 17:51:02 GMT-0300 (Horário Padrão de Brasília)');
INSERT INTO users (id, nome, email, senha_hash, cpf, saldo, is_admin, criado_em) VALUES 
('f228f14d-57e1-4358-b409-9f30c2a9c43f', 'Usuário Demo Teste', 'teste.demo.1757451062835@example.com', 'hash_teste', '22222222225', 0, 0, 'Tue Sep 09 2025 17:51:02 GMT-0300 (Horário Padrão de Brasília)');
INSERT INTO users (id, nome, email, senha_hash, cpf, saldo, is_admin, criado_em) VALUES 
('294502e6-2bea-4e24-9d7c-4e1f138906a3', 'Afiliado Teste', 'teste.afiliado.1757451062835@example.com', 'hash_teste', '33333333335', 0, 0, 'Tue Sep 09 2025 17:51:02 GMT-0300 (Horário Padrão de Brasília)');
INSERT INTO users (id, nome, email, senha_hash, cpf, saldo, is_admin, criado_em) VALUES 
('5491bd79-d478-4249-a7e3-77af0ef7cc19', 'João Ferreira', 'joao.ferreira@test.com', '$2b$10$daPb15t/1TF1qY2XCiS/Nu2H0ZeEvwuhQojC51Ue1/ZzHjPn83Jga', '70914582865', 0, 0, 'Tue Sep 09 2025 17:54:04 GMT-0300 (Horário Padrão de Brasília)');
INSERT INTO users (id, nome, email, senha_hash, cpf, saldo, is_admin, criado_em) VALUES 
('13345e1e-4e31-472d-ac6f-c8e05b1cc1a1', 'Lucas Almeida', 'lucas.almeida@test.com', '$2b$10$5CMhSluspE6H1pdRUhdLleuMzxcdyLD74dnBA1PClygRTlmUEFM86', '65060301569', 0, 0, 'Tue Sep 09 2025 17:54:04 GMT-0300 (Horário Padrão de Brasília)');
INSERT INTO users (id, nome, email, senha_hash, cpf, saldo, is_admin, criado_em) VALUES 
('9b803ecb-7f0a-4f8d-80df-46bfcbe8c839', 'Pedro Henrique', 'pedro.henrique@test.com', '$2b$10$cKtX.jZyY0t4N.T6GowrQeICo782lzvYnTk5Azu4Wbvre.gkBmWgy', '67002140524', 0, 0, 'Tue Sep 09 2025 17:54:04 GMT-0300 (Horário Padrão de Brasília)');
INSERT INTO users (id, nome, email, senha_hash, cpf, saldo, is_admin, criado_em) VALUES 
('d2cbefc0-39f7-4a7e-a61e-70a15c5170f5', 'Rafael Costa', 'rafael.costa@test.com', '$2b$10$GDz4mzqo5BPUGpIWWVGWk.a3v4c.tPbXMtzHcoL8cSDMIRP0xIdma', '34403386537', 0, 0, 'Tue Sep 09 2025 17:54:04 GMT-0300 (Horário Padrão de Brasília)');
INSERT INTO users (id, nome, email, senha_hash, cpf, saldo, is_admin, criado_em) VALUES 
('297a1136-a79c-4ec5-883b-917506fc1b92', 'Bruno Martins', 'bruno.martins@test.com', '$2b$10$N8WTVNlTcdkS4Pm42tkQxOZMO7eQx7X9GDD5jfF8h5QYimzsKWGK.', '44230957882', 0, 0, 'Tue Sep 09 2025 17:54:04 GMT-0300 (Horário Padrão de Brasília)');
INSERT INTO users (id, nome, email, senha_hash, cpf, saldo, is_admin, criado_em) VALUES 
('4062ca94-7f7c-4037-a0be-a50060b9fcbc', 'Diego Oliveira', 'diego.oliveira@test.com', '$2b$10$9fhI/iUu0pVT08KsZGiKc.X5Fdbg/WektGWRQX1for72fGNsIlQfe', '57149496914', 0, 0, 'Tue Sep 09 2025 17:54:04 GMT-0300 (Horário Padrão de Brasília)');
INSERT INTO users (id, nome, email, senha_hash, cpf, saldo, is_admin, criado_em) VALUES 
('d759f67b-a7ab-4a21-afb2-a2bc9d8649dc', 'Matheus Rocha', 'matheus.rocha@test.com', '$2b$10$lRSKh5vFHPSWrppTWWDtpukPxf7iMhY6FNMBE2oUYr3zTZV4c6kLW', '62569316667', 0, 0, 'Tue Sep 09 2025 17:54:05 GMT-0300 (Horário Padrão de Brasília)');
INSERT INTO users (id, nome, email, senha_hash, cpf, saldo, is_admin, criado_em) VALUES 
('db1cd2f2-cb76-42fa-9661-cdc24a23b40c', 'Thiago Mendes', 'thiago.mendes@test.com', '$2b$10$G8AKVeVMXCDYwb0JD519kunW5mNXVL/AkEOxklPqdcoJjIUwmvoka', '24545149882', 0, 0, 'Tue Sep 09 2025 17:54:05 GMT-0300 (Horário Padrão de Brasília)');
INSERT INTO users (id, nome, email, senha_hash, cpf, saldo, is_admin, criado_em) VALUES 
('15000617-0b6f-4a7e-a78f-7be25211184c', 'Felipe Carvalho', 'felipe.carvalho@test.com', '$2b$10$CjnjchankomoR5qliiHHqeVAebTZ4CadpleHvnQrAEpfUWFotWiPm', '81950497571', 0, 0, 'Tue Sep 09 2025 17:54:05 GMT-0300 (Horário Padrão de Brasília)');
INSERT INTO users (id, nome, email, senha_hash, cpf, saldo, is_admin, criado_em) VALUES 
('2e84775c-ed4d-4f55-b515-d78c48d097bc', 'Gustavo Lima', 'gustavo.lima@test.com', '$2b$10$QONvdmughpyYFrfL6rnDIOkFACPUXB7CTNcy8VIg7.VkVOpMC42ou', '45205908494', 0, 0, 'Tue Sep 09 2025 17:54:05 GMT-0300 (Horário Padrão de Brasília)');
INSERT INTO users (id, nome, email, senha_hash, cpf, saldo, is_admin, criado_em) VALUES 
('9ad60387-cbdf-4806-8ec6-c80cc847ee23', 'André Pereira', 'andre.pereira@test.com', '$2b$10$MvtVlbEtg3xmqrgH5fk22.YlVFN8nLipdcemExIKaAwZmJ2spQcia', '77796098791', 0, 0, 'Tue Sep 09 2025 17:54:05 GMT-0300 (Horário Padrão de Brasília)');
INSERT INTO users (id, nome, email, senha_hash, cpf, saldo, is_admin, criado_em) VALUES 
('75053274-1113-4767-a995-4faa5a85e24f', 'Rodrigo Santos', 'rodrigo.santos@test.com', '$2b$10$OfvMu0MsViR8XzSu8UgowONqBdyD8TrMIkt2jorwuhPdO6/phFsO2', '91283016661', 0, 0, 'Tue Sep 09 2025 17:54:05 GMT-0300 (Horário Padrão de Brasília)');
INSERT INTO users (id, nome, email, senha_hash, cpf, saldo, is_admin, criado_em) VALUES 
('b7ad490a-8f89-4556-b39a-01d3433e1cca', 'Marcelo Nunes', 'marcelo.nunes@test.com', '$2b$10$LDrnAKEx0nkDXhNCjz5QcepIT8JVKIDDMxhyqXdYNBKK8i3wuELf2', '97657346522', 0, 0, 'Tue Sep 09 2025 17:54:06 GMT-0300 (Horário Padrão de Brasília)');
INSERT INTO users (id, nome, email, senha_hash, cpf, saldo, is_admin, criado_em) VALUES 
('345ca403-e31b-4683-aedc-1c68e21dd70e', 'Vinícius Araújo', 'vinicius.araujo@test.com', '$2b$10$rz./f5OU2X6DKVUIY5bBcelITlC08QutBRitwAquHTJ2qlDSKdgyG', '28247702837', 0, 0, 'Tue Sep 09 2025 17:54:06 GMT-0300 (Horário Padrão de Brasília)');
INSERT INTO users (id, nome, email, senha_hash, cpf, saldo, is_admin, criado_em) VALUES 
('e4b3a532-0216-4666-9602-a11c0e8f5735', 'Eduardo Ramos', 'eduardo.ramos@test.com', '$2b$10$camhD9ma3vpt0lLMH/4qT.zFya4IML03MKbk4/rHp8s8nxELqvgsq', '88071391254', 13245.02, 0, 'Tue Sep 09 2025 17:54:06 GMT-0300 (Horário Padrão de Brasília)');
INSERT INTO users (id, nome, email, senha_hash, cpf, saldo, is_admin, criado_em) VALUES 
('be3d79dc-235c-4d66-9d15-bc518fb0ebe2', 'Teste Usuario', 'teste@teste.com', '$2a$12$Y7GkQbVwO5k51QTVF96aAewm2OnLU9JciMzG1slJjImLg4PxFio4m', '11144477735', 0, 0, 'Tue Sep 09 2025 23:21:02 GMT-0300 (Horário Padrão de Brasília)');
INSERT INTO users (id, nome, email, senha_hash, cpf, saldo, is_admin, criado_em) VALUES 
('cafee2bc-6cc9-4022-b75d-43594955cd5f', 'Teste PIX', 'teste-pix@test.com', '$2b$10$7vRRUIgzHv30WjOp3oGOG.1HVlYUbGJtuXUlgMz2ANBTRdNq56tKe', '22255588899', 100, 0, 'Wed Sep 10 2025 00:03:35 GMT-0300 (Horário Padrão de Brasília)');

-- Casos
INSERT INTO cases (id, nome, preco, imagem_url, ativo, criado_em) VALUES 
('5e7c06cb-48bc-45c9-909f-0032afe56074', 'CAIXA KIT NIKE', 2.5, '/imagens/nike.png', 1, 'Tue Sep 09 2025 17:59:49 GMT-0300 (Horário Padrão de Brasília)');
INSERT INTO cases (id, nome, preco, imagem_url, ativo, criado_em) VALUES 
('97ce71b6-5d8c-43f0-98b9-f5044d647dc6', 'CAIXA CONSOLE DOS SONHOS', 3.5, '/imagens/console.png', 1, 'Tue Sep 09 2025 17:59:49 GMT-0300 (Horário Padrão de Brasília)');
INSERT INTO cases (id, nome, preco, imagem_url, ativo, criado_em) VALUES 
('2b520ca1-769c-4234-bbff-7a298c736774', 'CAIXA PREMIUM MASTER', 15, '/imagens/caixa premium.png', 1, 'Tue Sep 09 2025 17:59:49 GMT-0300 (Horário Padrão de Brasília)');
INSERT INTO cases (id, nome, preco, imagem_url, ativo, criado_em) VALUES 
('97c286db-7c43-4582-9884-40eda0dd8ab7', 'CAIXA APPLE', 7, '/imagens/apple.png', 1, 'Tue Sep 09 2025 17:59:50 GMT-0300 (Horário Padrão de Brasília)');
INSERT INTO cases (id, nome, preco, imagem_url, ativo, criado_em) VALUES 
('a3ff986c-4b08-42f6-b514-40052001e466', 'CAIXA SAMSUNG', 3, '/imagens/samsung.png', 1, 'Tue Sep 09 2025 17:59:50 GMT-0300 (Horário Padrão de Brasília)');
INSERT INTO cases (id, nome, preco, imagem_url, ativo, criado_em) VALUES 
('e82eccc3-36c0-46cd-bd71-2c1c0013c7e4', 'CAIXA FINAL DE SEMANA', 1.5, '/imagens/weekend.png', 1, 'Tue Sep 09 2025 17:59:50 GMT-0300 (Horário Padrão de Brasília)');

-- Prêmios
INSERT INTO prizes (id, case_id, valor, probabilidade, nome, imagem_url, ativo, criado_em) VALUES 
('60f62857-84c3-4bd7-a269-7add8cc69272', '97c286db-7c43-4582-9884-40eda0dd8ab7', 1, 0.3, 'R$ 1.00', '/imagens/CAIXA APPLE/1.png', 1, 'undefined');
INSERT INTO prizes (id, case_id, valor, probabilidade, nome, imagem_url, ativo, criado_em) VALUES 
('618d9dc5-e7a4-4f4e-b9cc-570e41c1aa0c', '97c286db-7c43-4582-9884-40eda0dd8ab7', 10, 0.15, 'R$ 10.00', '/imagens/CAIXA APPLE/10.png', 1, 'undefined');
INSERT INTO prizes (id, case_id, valor, probabilidade, nome, imagem_url, ativo, criado_em) VALUES 
('5ca347e3-cbe0-4ca5-9668-a2bbb7091d48', '97c286db-7c43-4582-9884-40eda0dd8ab7', 2, 0.3, 'R$ 2.00', '/imagens/CAIXA APPLE/2.png', 1, 'undefined');
INSERT INTO prizes (id, case_id, valor, probabilidade, nome, imagem_url, ativo, criado_em) VALUES 
('5d8684e6-52c0-429a-b6a0-38338f85fdd2', '97c286db-7c43-4582-9884-40eda0dd8ab7', 5, 0.3, 'R$ 5.00', '/imagens/CAIXA APPLE/5.png', 1, 'undefined');
INSERT INTO prizes (id, case_id, valor, probabilidade, nome, imagem_url, ativo, criado_em) VALUES 
('271ae1e0-a412-4173-b3c0-97b757b669ed', '97c286db-7c43-4582-9884-40eda0dd8ab7', 500, 0.01, 'R$ 500.00', '/imagens/CAIXA APPLE/500.webp', 1, 'undefined');
INSERT INTO prizes (id, case_id, valor, probabilidade, nome, imagem_url, ativo, criado_em) VALUES 
('0ba4b249-4863-4875-b417-f65f78ee6b7f', '97c286db-7c43-4582-9884-40eda0dd8ab7', 800, 0.01, 'AIRPODS (REMOVIDO)', '/imagens/CAIXA APPLE/air pods.png', 1, 'undefined');
INSERT INTO prizes (id, case_id, valor, probabilidade, nome, imagem_url, ativo, criado_em) VALUES 
('0e76da13-cfdf-4377-b0e8-0263b3db75a5', '97c286db-7c43-4582-9884-40eda0dd8ab7', 8000, 0.01, 'IPHONE', '/imagens/CAIXA APPLE/iphone 16 pro max.png', 1, 'undefined');
INSERT INTO prizes (id, case_id, valor, probabilidade, nome, imagem_url, ativo, criado_em) VALUES 
('03295706-48db-4ab9-b674-d947903d6686', '97c286db-7c43-4582-9884-40eda0dd8ab7', 12000, 0.01, 'MACBOOK', '/imagens/CAIXA APPLE/macbook.png', 1, 'undefined');
INSERT INTO prizes (id, case_id, valor, probabilidade, nome, imagem_url, ativo, criado_em) VALUES 
('61beda70-c3f1-4cf5-8047-9a40a230fd33', '97ce71b6-5d8c-43f0-98b9-f5044d647dc6', 100, 0.05, 'R$ 100.00', '/imagens/CAIXA CONSOLE DOS SONHOS/100reais.png', 1, 'undefined');
INSERT INTO prizes (id, case_id, valor, probabilidade, nome, imagem_url, ativo, criado_em) VALUES 
('ead51aa9-978c-4893-b925-4e19b4f21944', '97ce71b6-5d8c-43f0-98b9-f5044d647dc6', 10, 0.15, 'R$ 10.00', '/imagens/CAIXA CONSOLE DOS SONHOS/10reais.png', 1, 'undefined');
INSERT INTO prizes (id, case_id, valor, probabilidade, nome, imagem_url, ativo, criado_em) VALUES 
('cc4a73fa-5c34-4115-94cd-0cdb6e0adc81', '97ce71b6-5d8c-43f0-98b9-f5044d647dc6', 1, 0.3, 'R$ 1.00', '/imagens/CAIXA CONSOLE DOS SONHOS/1real.png', 1, 'undefined');
INSERT INTO prizes (id, case_id, valor, probabilidade, nome, imagem_url, ativo, criado_em) VALUES 
('debd9919-9c70-442c-af5a-2a02a0f40b2c', '97ce71b6-5d8c-43f0-98b9-f5044d647dc6', 2, 0.3, 'R$ 2.00', '/imagens/CAIXA CONSOLE DOS SONHOS/2reais.png', 1, 'undefined');
INSERT INTO prizes (id, case_id, valor, probabilidade, nome, imagem_url, ativo, criado_em) VALUES 
('2944ab5f-2118-45ab-84d5-7e15f876ed50', '97ce71b6-5d8c-43f0-98b9-f5044d647dc6', 5, 0.3, 'R$ 5.00', '/imagens/CAIXA CONSOLE DOS SONHOS/5reais.png', 1, 'undefined');
INSERT INTO prizes (id, case_id, valor, probabilidade, nome, imagem_url, ativo, criado_em) VALUES 
('0eaa0542-b887-4609-98c5-a8133d36214a', '97ce71b6-5d8c-43f0-98b9-f5044d647dc6', 4000, 0.01, 'PLAYSTATION 5', '/imagens/CAIXA CONSOLE DOS SONHOS/ps5.png', 1, 'undefined');
INSERT INTO prizes (id, case_id, valor, probabilidade, nome, imagem_url, ativo, criado_em) VALUES 
('6226d028-3532-4644-94ae-529ff1a91eda', '97ce71b6-5d8c-43f0-98b9-f5044d647dc6', 3000, 0.01, 'STEAM DECK', '/imagens/CAIXA CONSOLE DOS SONHOS/steamdeck.png', 1, 'undefined');
INSERT INTO prizes (id, case_id, valor, probabilidade, nome, imagem_url, ativo, criado_em) VALUES 
('25d449d4-29de-49d5-9e7b-aa458b927b2b', '97ce71b6-5d8c-43f0-98b9-f5044d647dc6', 2500, 0.01, 'XBOX SERIES X', '/imagens/CAIXA CONSOLE DOS SONHOS/xboxone.webp', 1, 'undefined');
INSERT INTO prizes (id, case_id, valor, probabilidade, nome, imagem_url, ativo, criado_em) VALUES 
('d8845b6f-9c01-4bf4-a13c-10ffbd4f3b6d', 'e82eccc3-36c0-46cd-bd71-2c1c0013c7e4', 1, 0.3, 'R$ 1.00', '/imagens/CAIXA FINAL DE SEMANA/1.png', 1, 'undefined');
INSERT INTO prizes (id, case_id, valor, probabilidade, nome, imagem_url, ativo, criado_em) VALUES 
('9704b105-fe9b-4987-8850-4a06d4055ec0', 'e82eccc3-36c0-46cd-bd71-2c1c0013c7e4', 10, 0.15, 'R$ 10.00', '/imagens/CAIXA FINAL DE SEMANA/10.png', 1, 'undefined');
INSERT INTO prizes (id, case_id, valor, probabilidade, nome, imagem_url, ativo, criado_em) VALUES 
('8f869c5f-98eb-4f96-a206-04e8995071e7', 'e82eccc3-36c0-46cd-bd71-2c1c0013c7e4', 100, 0.05, 'R$ 100.00', '/imagens/CAIXA FINAL DE SEMANA/100.png', 1, 'undefined');
INSERT INTO prizes (id, case_id, valor, probabilidade, nome, imagem_url, ativo, criado_em) VALUES 
('f001cb52-6ad8-4456-82af-57300d0274c3', 'e82eccc3-36c0-46cd-bd71-2c1c0013c7e4', 2, 0.3, 'R$ 2.00', '/imagens/CAIXA FINAL DE SEMANA/2.png', 1, 'undefined');
INSERT INTO prizes (id, case_id, valor, probabilidade, nome, imagem_url, ativo, criado_em) VALUES 
('abc22310-00ec-4b72-abf6-8463d3db88d1', 'e82eccc3-36c0-46cd-bd71-2c1c0013c7e4', 5, 0.3, 'R$ 5.00', '/imagens/CAIXA FINAL DE SEMANA/5.png', 1, 'undefined');
INSERT INTO prizes (id, case_id, valor, probabilidade, nome, imagem_url, ativo, criado_em) VALUES 
('919ba2c9-ee12-4b8d-8e0b-de3825280875', 'e82eccc3-36c0-46cd-bd71-2c1c0013c7e4', 500, 0.01, 'R$ 500.00', '/imagens/CAIXA FINAL DE SEMANA/500.webp', 1, 'undefined');
INSERT INTO prizes (id, case_id, valor, probabilidade, nome, imagem_url, ativo, criado_em) VALUES 
('20b6256f-f362-40b0-9790-f8b75c6a4d31', '5e7c06cb-48bc-45c9-909f-0032afe56074', 1, 0.3, 'R$ 1.00', '/imagens/CAIXA KIT NIKE/1.png', 1, 'undefined');
INSERT INTO prizes (id, case_id, valor, probabilidade, nome, imagem_url, ativo, criado_em) VALUES 
('5ca4139d-2f5d-4f8b-9972-aab0ab360abe', '5e7c06cb-48bc-45c9-909f-0032afe56074', 10, 0.15, 'R$ 10.00', '/imagens/CAIXA KIT NIKE/10.png', 1, 'undefined');
INSERT INTO prizes (id, case_id, valor, probabilidade, nome, imagem_url, ativo, criado_em) VALUES 
('7f722e45-776d-4bee-8a98-67ec89939c16', '5e7c06cb-48bc-45c9-909f-0032afe56074', 2, 0.3, 'R$ 2.00', '/imagens/CAIXA KIT NIKE/2.png', 1, 'undefined');
INSERT INTO prizes (id, case_id, valor, probabilidade, nome, imagem_url, ativo, criado_em) VALUES 
('f1bc954a-dd8b-4ea4-a588-edfa336d8c7e', '5e7c06cb-48bc-45c9-909f-0032afe56074', 5, 0.3, 'R$ 5.00', '/imagens/CAIXA KIT NIKE/5.png', 1, 'undefined');
INSERT INTO prizes (id, case_id, valor, probabilidade, nome, imagem_url, ativo, criado_em) VALUES 
('8331fa53-44b6-42db-a439-e88fc2bda9e5', '5e7c06cb-48bc-45c9-909f-0032afe56074', 400, 0.01, 'NIKE', '/imagens/CAIXA KIT NIKE/airforce.webp', 1, 'undefined');
INSERT INTO prizes (id, case_id, valor, probabilidade, nome, imagem_url, ativo, criado_em) VALUES 
('0b0fea18-8f0a-4124-95d1-bffaee55ebba', '5e7c06cb-48bc-45c9-909f-0032afe56074', 80, 0.01, 'R$ 80,00', '/imagens/CAIXA KIT NIKE/boné nike.png', 1, 'undefined');
INSERT INTO prizes (id, case_id, valor, probabilidade, nome, imagem_url, ativo, criado_em) VALUES 
('0216df1b-3d48-4ed1-a39c-c4ac6561e690', '5e7c06cb-48bc-45c9-909f-0032afe56074', 120, 0.01, 'NIKE (USADO)', '/imagens/CAIXA KIT NIKE/camisa nike.webp', 1, 'undefined');
INSERT INTO prizes (id, case_id, valor, probabilidade, nome, imagem_url, ativo, criado_em) VALUES 
('69684120-fd28-4a8b-9319-157c9ede6762', '5e7c06cb-48bc-45c9-909f-0032afe56074', 600, 0.01, 'AIR JORDAN', '/imagens/CAIXA KIT NIKE/jordan.png', 1, 'undefined');
INSERT INTO prizes (id, case_id, valor, probabilidade, nome, imagem_url, ativo, criado_em) VALUES 
('3578f7a5-394f-4e2d-ad1e-5a9b1f166270', '5e7c06cb-48bc-45c9-909f-0032afe56074', 500, 0.01, 'NIKE', '/imagens/CAIXA KIT NIKE/nike dunk.webp', 1, 'undefined');
INSERT INTO prizes (id, case_id, valor, probabilidade, nome, imagem_url, ativo, criado_em) VALUES 
('ae3c6ef4-d8c4-4674-a4e9-5c41838f704a', '2b520ca1-769c-4234-bbff-7a298c736774', 10, 0.15, 'R$ 10.00', '/imagens/CAIXA PREMIUM MASTER/10.png', 1, 'undefined');
INSERT INTO prizes (id, case_id, valor, probabilidade, nome, imagem_url, ativo, criado_em) VALUES 
('d7f7ecb6-7ee1-480d-84c2-6645582f7ac5', '2b520ca1-769c-4234-bbff-7a298c736774', 2, 0.3, 'R$ 2.00', '/imagens/CAIXA PREMIUM MASTER/2.png', 1, 'undefined');
INSERT INTO prizes (id, case_id, valor, probabilidade, nome, imagem_url, ativo, criado_em) VALUES 
('a0fa5df6-b8c8-44bc-ae29-5238a9cf7c3b', '2b520ca1-769c-4234-bbff-7a298c736774', 20, 0.15, 'R$ 20.00', '/imagens/CAIXA PREMIUM MASTER/20.png', 1, 'undefined');
INSERT INTO prizes (id, case_id, valor, probabilidade, nome, imagem_url, ativo, criado_em) VALUES 
('81899656-aadf-451e-912b-35399d61e93a', '2b520ca1-769c-4234-bbff-7a298c736774', 5, 0.3, 'R$ 5.00', '/imagens/CAIXA PREMIUM MASTER/5.png', 1, 'undefined');
INSERT INTO prizes (id, case_id, valor, probabilidade, nome, imagem_url, ativo, criado_em) VALUES 
('8bfa736c-6c96-4bc7-aa34-5f7447f47df3', '2b520ca1-769c-4234-bbff-7a298c736774', 500, 0.01, 'R$ 500.00', '/imagens/CAIXA PREMIUM MASTER/500.webp', 1, 'undefined');
INSERT INTO prizes (id, case_id, valor, probabilidade, nome, imagem_url, ativo, criado_em) VALUES 
('f282dca9-f0d1-44aa-9dbc-d0ff12b27a5f', '2b520ca1-769c-4234-bbff-7a298c736774', 800, 0.01, 'AIRPODS (REMOVIDO)', '/imagens/CAIXA PREMIUM MASTER/airpods.png', 1, 'undefined');
INSERT INTO prizes (id, case_id, valor, probabilidade, nome, imagem_url, ativo, criado_em) VALUES 
('e56c42c2-a687-4e5b-b5ad-e5ccef1c7255', '2b520ca1-769c-4234-bbff-7a298c736774', 15000, 0.01, 'IPHONE', '/imagens/CAIXA PREMIUM MASTER/honda cg fan.webp', 1, 'undefined');
INSERT INTO prizes (id, case_id, valor, probabilidade, nome, imagem_url, ativo, criado_em) VALUES 
('0890ba09-5906-40af-985b-99e087127afc', '2b520ca1-769c-4234-bbff-7a298c736774', 6000, 0.01, 'IPAD', '/imagens/CAIXA PREMIUM MASTER/ipad.png', 1, 'undefined');
INSERT INTO prizes (id, case_id, valor, probabilidade, nome, imagem_url, ativo, criado_em) VALUES 
('8989bc7f-f0d4-4353-8128-085ad2d7f7e1', '2b520ca1-769c-4234-bbff-7a298c736774', 8000, 0.01, 'IPHONE', '/imagens/CAIXA PREMIUM MASTER/iphone 16 pro max.png', 1, 'undefined');
INSERT INTO prizes (id, case_id, valor, probabilidade, nome, imagem_url, ativo, criado_em) VALUES 
('04f81f55-c4f4-49eb-8fd0-0455ae721610', '2b520ca1-769c-4234-bbff-7a298c736774', 12000, 0.01, 'MACBOOK', '/imagens/CAIXA PREMIUM MASTER/macbook.png', 1, 'undefined');
INSERT INTO prizes (id, case_id, valor, probabilidade, nome, imagem_url, ativo, criado_em) VALUES 
('9342af57-16a0-4abe-ab4d-ffd36ccc7cb2', '2b520ca1-769c-4234-bbff-7a298c736774', 5000, 0.01, 'SAMSUNG GALAXY', '/imagens/CAIXA PREMIUM MASTER/samsung s25.png', 1, 'undefined');
INSERT INTO prizes (id, case_id, valor, probabilidade, nome, imagem_url, ativo, criado_em) VALUES 
('ed31e26c-ddf2-43a5-96cf-5e1b12abf094', 'a3ff986c-4b08-42f6-b514-40052001e466', 1, 0.3, 'R$ 1.00', '/imagens/CAIXA SAMSUNG/1.png', 1, 'undefined');
INSERT INTO prizes (id, case_id, valor, probabilidade, nome, imagem_url, ativo, criado_em) VALUES 
('badd8ffe-8e23-406b-a1d6-e52f63b884f7', 'a3ff986c-4b08-42f6-b514-40052001e466', 10, 0.15, 'R$ 10.00', '/imagens/CAIXA SAMSUNG/10.png', 1, 'undefined');
INSERT INTO prizes (id, case_id, valor, probabilidade, nome, imagem_url, ativo, criado_em) VALUES 
('2247588f-f1e2-4e64-bdae-e497f9a12d3c', 'a3ff986c-4b08-42f6-b514-40052001e466', 100, 0.05, 'R$ 100.00', '/imagens/CAIXA SAMSUNG/100.png', 1, 'undefined');
INSERT INTO prizes (id, case_id, valor, probabilidade, nome, imagem_url, ativo, criado_em) VALUES 
('ad421924-682d-472a-a1ac-fa0dd82bc601', 'a3ff986c-4b08-42f6-b514-40052001e466', 2, 0.3, 'R$ 2.00', '/imagens/CAIXA SAMSUNG/2.png', 1, 'undefined');
INSERT INTO prizes (id, case_id, valor, probabilidade, nome, imagem_url, ativo, criado_em) VALUES 
('1ba2f38a-ac8c-4ef4-8e71-48b59f7c9086', 'a3ff986c-4b08-42f6-b514-40052001e466', 5, 0.3, 'R$ 5.00', '/imagens/CAIXA SAMSUNG/5.png', 1, 'undefined');
INSERT INTO prizes (id, case_id, valor, probabilidade, nome, imagem_url, ativo, criado_em) VALUES 
('395205d4-9b37-410b-8af7-f3c8862a67d4', 'a3ff986c-4b08-42f6-b514-40052001e466', 500, 0.01, 'R$ 500.00', '/imagens/CAIXA SAMSUNG/500.webp', 1, 'undefined');
INSERT INTO prizes (id, case_id, valor, probabilidade, nome, imagem_url, ativo, criado_em) VALUES 
('efe1452f-9b88-4b5f-a42c-e561c9ba7691', 'a3ff986c-4b08-42f6-b514-40052001e466', 200, 0.01, 'SAMSUNG GALAXY (USADO)', '/imagens/CAIXA SAMSUNG/fone samsung.png', 1, 'undefined');
INSERT INTO prizes (id, case_id, valor, probabilidade, nome, imagem_url, ativo, criado_em) VALUES 
('82611de4-137b-4877-b54c-1ab44d39c9f0', 'a3ff986c-4b08-42f6-b514-40052001e466', 3000, 0.01, 'SAMSUNG GALAXY', '/imagens/CAIXA SAMSUNG/notebook samsung.png', 1, 'undefined');
INSERT INTO prizes (id, case_id, valor, probabilidade, nome, imagem_url, ativo, criado_em) VALUES 
('9db1f724-5d07-4bb3-ac70-145fc1fad02d', 'a3ff986c-4b08-42f6-b514-40052001e466', 5000, 0.01, 'SAMSUNG GALAXY', '/imagens/CAIXA SAMSUNG/s25.png', 1, 'undefined');

-- Pagamentos
INSERT INTO payments (id, user_id, tipo, valor, status, metodo_pagamento, gateway_id, qr_code, pix_copy_paste, criado_em, expira_em) VALUES 
('86635708-0acb-4c9a-9122-7b6c0ec6b4c3', 'be3d79dc-235c-4d66-9d15-bc518fb0ebe2', 'deposito', 25, 'pendente', 'pix', 'NULL', 'NULL', 'NULL', 'Tue Sep 09 2025 23:21:04 GMT-0300 (Horário Padrão de Brasília)', 'Wed Sep 10 2025 00:21:04 GMT-0300 (Horário Padrão de Brasília)');
INSERT INTO payments (id, user_id, tipo, valor, status, metodo_pagamento, gateway_id, qr_code, pix_copy_paste, criado_em, expira_em) VALUES 
('2048b0b7-a817-48b4-9fbb-4669fccfa34c', 'be3d79dc-235c-4d66-9d15-bc518fb0ebe2', 'deposito', 25, 'pendente', 'pix', 'NULL', 'NULL', 'NULL', 'Tue Sep 09 2025 23:21:29 GMT-0300 (Horário Padrão de Brasília)', 'Wed Sep 10 2025 00:21:29 GMT-0300 (Horário Padrão de Brasília)');
INSERT INTO payments (id, user_id, tipo, valor, status, metodo_pagamento, gateway_id, qr_code, pix_copy_paste, criado_em, expira_em) VALUES 
('7b326d2c-bf3d-45d0-9729-f8c26a8eaadf', 'be3d79dc-235c-4d66-9d15-bc518fb0ebe2', 'deposito', 25, 'pendente', 'pix', 'NULL', 'NULL', 'NULL', 'Tue Sep 09 2025 23:22:29 GMT-0300 (Horário Padrão de Brasília)', 'Wed Sep 10 2025 00:22:29 GMT-0300 (Horário Padrão de Brasília)');
INSERT INTO payments (id, user_id, tipo, valor, status, metodo_pagamento, gateway_id, qr_code, pix_copy_paste, criado_em, expira_em) VALUES 
('8f2d7c12-6dc1-4c1c-b2c5-60f4d6edd8c7', 'cafee2bc-6cc9-4022-b75d-43594955cd5f', 'deposito', 50, 'pendente', 'pix', 'test_1757473417491', 'data:image/png;base64,iVBORw0KGgoAAAANSUhEUgAAAAEAAAABCAYAAAAfFcSJAAAADUlEQVR42mNkYPhfDwAChwGA60e6kgAAAABJRU5ErkJggg==', '00020126580014br.gov.bcb.pix0136teste@caixapremiada.com520400005303986540510.005802BR5913Caixa Premiada6008Brasilia62070503***6304', 'Wed Sep 10 2025 00:03:37 GMT-0300 (Horário Padrão de Brasília)', 'Wed Sep 10 2025 01:03:37 GMT-0300 (Horário Padrão de Brasília)');
INSERT INTO payments (id, user_id, tipo, valor, status, metodo_pagamento, gateway_id, qr_code, pix_copy_paste, criado_em, expira_em) VALUES 
('ed8d742a-2f32-4b5d-b0fc-7bb1630ca499', 'cafee2bc-6cc9-4022-b75d-43594955cd5f', 'deposito', 25, 'pendente', 'pix', 'NULL', 'NULL', 'NULL', 'Wed Sep 10 2025 00:08:41 GMT-0300 (Horário Padrão de Brasília)', 'Wed Sep 10 2025 01:08:41 GMT-0300 (Horário Padrão de Brasília)');
INSERT INTO payments (id, user_id, tipo, valor, status, metodo_pagamento, gateway_id, qr_code, pix_copy_paste, criado_em, expira_em) VALUES 
('66cc5aa2-4f61-492c-b56e-dc3493186e09', '382c8e3a-ac17-4310-b2e3-625d1ceb3baf', 'deposito', 20, 'pendente', 'pix', 'NULL', 'NULL', 'NULL', 'Wed Sep 10 2025 00:25:39 GMT-0300 (Horário Padrão de Brasília)', 'Wed Sep 10 2025 01:25:39 GMT-0300 (Horário Padrão de Brasília)');
INSERT INTO payments (id, user_id, tipo, valor, status, metodo_pagamento, gateway_id, qr_code, pix_copy_paste, criado_em, expira_em) VALUES 
('4c22eb75-0a73-4431-96e0-7da662f45c18', '382c8e3a-ac17-4310-b2e3-625d1ceb3baf', 'deposito', 20, 'pendente', 'pix', 'NULL', 'NULL', 'NULL', 'Wed Sep 10 2025 00:25:45 GMT-0300 (Horário Padrão de Brasília)', 'Wed Sep 10 2025 01:25:45 GMT-0300 (Horário Padrão de Brasília)');
INSERT INTO payments (id, user_id, tipo, valor, status, metodo_pagamento, gateway_id, qr_code, pix_copy_paste, criado_em, expira_em) VALUES 
('1f7c049e-8dcd-427f-9f18-32ede8fec43a', '382c8e3a-ac17-4310-b2e3-625d1ceb3baf', 'deposito', 20, 'pendente', 'pix', 'test_1757474827384', 'data:image/png;base64,iVBORw0KGgoAAAANSUhEUgAAAAEAAAABCAYAAAAfFcSJAAAADUlEQVR42mNkYPhfDwAChwGA60e6kgAAAABJRU5ErkJggg==', '00020126580014br.gov.bcb.pix0136teste@caixapremiada.com520400005303986540520.005802BR5913Caixa Premiada6008Brasilia62070503***6304', 'Wed Sep 10 2025 00:27:07 GMT-0300 (Horário Padrão de Brasília)', 'Wed Sep 10 2025 01:27:07 GMT-0300 (Horário Padrão de Brasília)');
INSERT INTO payments (id, user_id, tipo, valor, status, metodo_pagamento, gateway_id, qr_code, pix_copy_paste, criado_em, expira_em) VALUES 
('ebb314aa-6eb5-466b-acc2-4142bfb6c855', '382c8e3a-ac17-4310-b2e3-625d1ceb3baf', 'deposito', 20, 'pendente', 'pix', 'test_1757510569956', 'data:image/png;base64,iVBORw0KGgoAAAANSUhEUgAAAAEAAAABCAYAAAAfFcSJAAAADUlEQVR42mNkYPhfDwAChwGA60e6kgAAAABJRU5ErkJggg==', '00020126580014br.gov.bcb.pix0136teste@caixapremiada.com520400005303986540520.005802BR5913Caixa Premiada6008Brasilia62070503***6304', 'Wed Sep 10 2025 10:22:49 GMT-0300 (Horário Padrão de Brasília)', 'Wed Sep 10 2025 11:22:49 GMT-0300 (Horário Padrão de Brasília)');

-- Configurações de Gateway
INSERT INTO gateway_configs (id, gateway_name, is_active, api_key, public_key, webhook_secret, base_url, pix_key, pix_key_type, webhook_url, redirect_url, sandbox_mode, min_deposit, max_deposit, min_withdraw, max_withdraw, deposit_fee, withdraw_fee, deposit_timeout, withdraw_timeout, supported_methods, config_data, created_at, updated_at, updated_by) VALUES 
('2531d068-fe22-4d10-9d34-0bc0660ed32a', 'vizzionpay', 0, 'test_api_key_12345', 'test_public_key_67890', 'test_webhook_secret', 'https://api.vizzionpay.com', 'teste@caixapremiada.com', 'email', 'https://caixapremiada.com/webhook', 'https://caixapremiada.com/redirect', 1, 20, 10000, 50, 5000, 0, 0, 3600, 86400, '["pix","boleto"]', '{"test":true}', 'Wed Sep 10 2025 10:33:33 GMT-0300 (Horário Padrão de Brasília)', 'Wed Sep 10 2025 11:00:35 GMT-0300 (Horário Padrão de Brasília)', 'test-admin-id');
INSERT INTO gateway_configs (id, gateway_name, is_active, api_key, public_key, webhook_secret, base_url, pix_key, pix_key_type, webhook_url, redirect_url, sandbox_mode, min_deposit, max_deposit, min_withdraw, max_withdraw, deposit_fee, withdraw_fee, deposit_timeout, withdraw_timeout, supported_methods, config_data, created_at, updated_at, updated_by) VALUES 
('64a5d869-7fdc-4820-901e-9e3c55158a60', 'mercadopago', 0, 'NULL', 'NULL', 'NULL', 'https://api.mercadopago.com', 'NULL', 'email', 'NULL', 'NULL', 1, 20, 10000, 50, 5000, 0, 0, 3600, 86400, '["pix","boleto","cartao"]', 'NULL', 'Wed Sep 10 2025 10:33:33 GMT-0300 (Horário Padrão de Brasília)', 'Wed Sep 10 2025 10:33:33 GMT-0300 (Horário Padrão de Brasília)', 'system');
INSERT INTO gateway_configs (id, gateway_name, is_active, api_key, public_key, webhook_secret, base_url, pix_key, pix_key_type, webhook_url, redirect_url, sandbox_mode, min_deposit, max_deposit, min_withdraw, max_withdraw, deposit_fee, withdraw_fee, deposit_timeout, withdraw_timeout, supported_methods, config_data, created_at, updated_at, updated_by) VALUES 
('c7bc5289-6ee2-4786-9297-d1adbbcc88da', 'pagseguro', 0, 'NULL', 'NULL', 'NULL', 'https://ws.pagseguro.uol.com.br', 'NULL', 'email', 'NULL', 'NULL', 1, 20, 10000, 50, 5000, 0, 0, 3600, 86400, '["pix","boleto","cartao"]', 'NULL', 'Wed Sep 10 2025 10:33:33 GMT-0300 (Horário Padrão de Brasília)', 'Wed Sep 10 2025 10:33:33 GMT-0300 (Horário Padrão de Brasília)', 'system');
